usage_date_utc,model,workspace,api_key,usage_type,context_window,token_type,cost_usd,list_price_usd,cost_type,inference_geo,speed
2026-06-18,Claude Haiku 4.5,Default,other-key-redacted,message,≤ 200k,input_no_cache,0.00,0.00,token,not_available,
2026-06-18,Claude Haiku 4.5,Default,other-key-redacted,message,≤ 200k,output,0.00,0.00,token,not_available,
2026-06-19,Claude Haiku 4.5,Default,other-key-redacted,message,≤ 200k,input_no_cache,0.00,0.00,token,not_available,
2026-06-19,Claude Haiku 4.5,Default,other-key-redacted,message,≤ 200k,output,0.00,0.00,token,not_available,
2026-06-20,Claude Haiku 4.5,Default,other-key-redacted,message,≤ 200k,input_no_cache,0.00,0.00,token,not_available,
2026-06-20,Claude Haiku 4.5,Default,other-key-redacted,message,≤ 200k,output,0.00,0.00,token,not_available,
2026-06-21,Claude Haiku 4.5,Default,other-key-redacted,message,≤ 200k,input_no_cache,0.00,0.00,token,not_available,
2026-06-21,Claude Haiku 4.5,Default,other-key-redacted,message,≤ 200k,output,0.00,0.00,token,not_available,
2026-06-21,Claude Haiku 4.5,Default,Tokenomics,message,≤ 200k,input_no_cache,0.00,0.00,token,not_available,
2026-06-21,Claude Haiku 4.5,Default,Tokenomics,message,≤ 200k,output,0.01,0.01,token,not_available,
2026-06-21,Claude Opus 4.8,Default,Tokenomics,message,≤ 200k,input_cache_read,0.04,0.04,token,global,
2026-06-21,Claude Opus 4.8,Default,Tokenomics,message,≤ 200k,input_cache_write_5m,0.09,0.09,token,global,
2026-06-21,Claude Opus 4.8,Default,Tokenomics,message,≤ 200k,input_no_cache,1.75,1.75,token,global,
2026-06-21,Claude Opus 4.8,Default,Tokenomics,message,≤ 200k,output,0.91,0.91,token,global,
2026-06-21,Claude Sonnet 4.6,Default,Tokenomics,message,≤ 200k,input_cache_read,0.02,0.02,token,global,
2026-06-21,Claude Sonnet 4.6,Default,Tokenomics,message,≤ 200k,input_cache_write_5m,0.04,0.04,token,global,
2026-06-21,Claude Sonnet 4.6,Default,Tokenomics,message,≤ 200k,input_no_cache,0.71,0.71,token,global,
2026-06-21,Claude Sonnet 4.6,Default,Tokenomics,message,≤ 200k,output,1.06,1.06,token,global,
2026-06-22,Claude Haiku 4.5,Default,Tokenomics,message,≤ 200k,input_no_cache,0.00,0.00,token,not_available,
2026-06-22,Claude Haiku 4.5,Default,Tokenomics,message,≤ 200k,output,0.00,0.00,token,not_available,
2026-06-22,Claude Opus 4.8,Default,Tokenomics,message,≤ 200k,input_no_cache,0.00,0.00,token,global,
2026-06-22,Claude Opus 4.8,Default,Tokenomics,message,≤ 200k,output,0.00,0.00,token,global,
2026-06-22,Claude Sonnet 4.6,Default,Tokenomics,message,≤ 200k,input_no_cache,0.00,0.00,token,global,
2026-06-22,Claude Sonnet 4.6,Default,Tokenomics,message,≤ 200k,output,0.02,0.02,token,global,
2026-06-24,Claude Haiku 4.5,Default,Tokenomics,message,≤ 200k,input_no_cache,2.30,2.30,token,not_available,
2026-06-24,Claude Haiku 4.5,Default,Tokenomics,message,≤ 200k,input_cache_read,0.06,0.06,token,not_available,
2026-06-24,Claude Haiku 4.5,Default,Tokenomics,message,≤ 200k,input_cache_write_5m,0.04,0.04,token,not_available,
2026-06-24,Claude Haiku 4.5,Default,Tokenomics,message,≤ 200k,output,6.55,6.55,token,not_available,
2026-06-24,Claude Opus 4.8,Default,Tokenomics,message,≤ 200k,input_cache_read,0.41,0.41,token,global,
2026-06-24,Claude Opus 4.8,Default,Tokenomics,message,≤ 200k,input_cache_write_5m,0.25,0.25,token,global,
2026-06-24,Claude Opus 4.8,Default,Tokenomics,message,≤ 200k,input_no_cache,9.22,9.22,token,global,
2026-06-24,Claude Opus 4.8,Default,Tokenomics,message,≤ 200k,input_no_cache,11.63,11.63,token,global,
2026-06-24,Claude Opus 4.8,Default,Tokenomics,message,≤ 200k,output,16.50,16.50,token,global,
2026-06-24,Claude Opus 4.8,Default,Tokenomics,message,≤ 200k,output,44.40,44.40,token,global,
2026-06-24,Claude Sonnet 4.6,Default,Tokenomics,message,≤ 200k,input_cache_read,0.18,0.18,token,global,
2026-06-24,Claude Sonnet 4.6,Default,Tokenomics,message,≤ 200k,input_cache_write_5m,0.11,0.11,token,global,
2026-06-24,Claude Sonnet 4.6,Default,Tokenomics,message,≤ 200k,input_no_cache,9.72,9.72,token,global,
2026-06-24,Claude Sonnet 4.6,Default,Tokenomics,message,≤ 200k,output,16.02,16.02,token,global,
2026-06-25,Claude Haiku 4.5,Default,Tokenomics,message,≤ 200k,input_no_cache,0.01,0.01,token,not_available,
2026-06-25,Claude Haiku 4.5,Default,Tokenomics,message,≤ 200k,output,0.02,0.02,token,not_available,
2026-06-25,Claude Opus 4.8,Default,Tokenomics,message,≤ 200k,input_no_cache,7.81,7.81,token,global,
2026-06-25,Claude Opus 4.8,Default,Tokenomics,message,≤ 200k,output,6.66,6.66,token,global,
2026-06-25,Claude Sonnet 4.6,Default,Tokenomics,message,≤ 200k,input_no_cache,3.48,3.48,token,global,
2026-06-25,Claude Sonnet 4.6,Default,Tokenomics,message,≤ 200k,output,13.64,13.64,token,global,
2026-06-28,Claude Haiku 4.5,Default,Tokenomics,message,≤ 200k,input_no_cache,0.04,0.04,token,not_available,
2026-06-28,Claude Haiku 4.5,Default,Tokenomics,message,≤ 200k,output,0.18,0.18,token,not_available,
2026-06-28,Claude Opus 4.8,Default,Tokenomics,message,≤ 200k,input_no_cache,6.62,6.62,token,global,
2026-06-28,Claude Opus 4.8,Default,Tokenomics,message,≤ 200k,output,2.28,2.28,token,global,
2026-06-28,Claude Sonnet 4.6,Default,Tokenomics,message,≤ 200k,input_no_cache,0.11,0.11,token,global,
2026-06-28,Claude Sonnet 4.6,Default,Tokenomics,message,≤ 200k,output,0.78,0.78,token,global,
2026-07-02,Claude Haiku 4.5,Default,Tokenomics,message,≤ 200k,input_no_cache,0.17,0.17,token,not_available,
2026-07-02,Claude Haiku 4.5,Default,Tokenomics,message,≤ 200k,output,1.11,1.11,token,not_available,
2026-07-02,Claude Opus 4.8,Default,Tokenomics,message,≤ 200k,input_no_cache,0.96,0.96,token,global,
2026-07-02,Claude Opus 4.8,Default,Tokenomics,message,≤ 200k,output,5.24,5.24,token,global,
2026-07-02,Claude Sonnet 4.6,Default,Tokenomics,message,≤ 200k,input_no_cache,0.50,0.50,token,global,
2026-07-02,Claude Sonnet 4.6,Default,Tokenomics,message,≤ 200k,output,5.52,5.52,token,global,
2026-07-03,Claude Haiku 4.5,Default,Tokenomics,message,≤ 200k,input_no_cache,0.07,0.07,token,not_available,
2026-07-03,Claude Haiku 4.5,Default,Tokenomics,message,≤ 200k,output,0.69,0.69,token,not_available,
2026-07-03,Claude Opus 4.8,Default,Tokenomics,message,≤ 200k,input_no_cache,0.75,0.75,token,global,
2026-07-03,Claude Opus 4.8,Default,Tokenomics,message,≤ 200k,output,8.48,8.48,token,global,
2026-07-03,Claude Sonnet 4.6,Default,Tokenomics,message,≤ 200k,input_no_cache,0.22,0.22,token,global,
2026-07-03,Claude Sonnet 4.6,Default,Tokenomics,message,≤ 200k,output,2.96,2.96,token,global,
